{
	"output" : 
	{
		"atmospheric_attenuation_efficiency" : 0.98572981793694558,
		"blocking_efficiency" : 0.94596550855991834,
		"cosine_efficiency" : 0.83636735659096617,
		"optical_energy" : 2611098.5200946657,
		"receiver_spillage_efficiency" : 1,
		"shading_efficiency" : 1,
		"terrain_blocking_efficiency" : 1,
		"terrain_shading_efficiency" : 1,
		"total_efficiency" : 0.58878825309187477,
		"tower_shading_efficiency" : 1
	}
}