{
	"output" : 
	{
		"atmospheric_attenuation_efficiency" : 0.98628811833530738,
		"blocking_efficiency" : 0.83209325396825395,
		"cosine_efficiency" : 0.83976637453277847,
		"optical_energy" : 343135.21904028149,
		"receiver_spillage_efficiency" : 1,
		"shading_efficiency" : 1,
		"terrain_blocking_efficiency" : 1,
		"terrain_shading_efficiency" : 1,
		"total_efficiency" : 0.60983926828360735,
		"tower_shading_efficiency" : 1
	}
}