{
	"output" : 
	{
		"atmospheric_attenuation_efficiency" : 0.98578654205269056,
		"blocking_efficiency" : 0.90234010270774889,
		"cosine_efficiency" : 0.83156107940742341,
		"optical_energy" : 2620468.6189745748,
		"receiver_spillage_efficiency" : 1,
		"shading_efficiency" : 1,
		"terrain_blocking_efficiency" : 1,
		"terrain_shading_efficiency" : 1,
		"total_efficiency" : 0.54786861002273401,
		"tower_shading_efficiency" : 1
	}
}