{
	"output" : 
	{
		"atmospheric_attenuation_efficiency" : 0.9849245709552984,
		"blocking_efficiency" : 0.97260084219858134,
		"cosine_efficiency" : 0.80522687816852889,
		"optical_energy" : 2544977.4476494463,
		"receiver_spillage_efficiency" : 1,
		"shading_efficiency" : 0.83657468971631133,
		"terrain_blocking_efficiency" : 1,
		"terrain_shading_efficiency" : 1,
		"total_efficiency" : 0.50527374552918203,
		"tower_shading_efficiency" : 0.99656471631205668
	}
}