{
	"output" : 
	{
		"atmospheric_attenuation_efficiency" : 0.98568185865618052,
		"blocking_efficiency" : 0.99214181286549685,
		"cosine_efficiency" : 0.91203067373518487,
		"optical_energy" : 2956871.7390292692,
		"receiver_spillage_efficiency" : 1,
		"shading_efficiency" : 1,
		"terrain_blocking_efficiency" : 1,
		"terrain_shading_efficiency" : 1,
		"total_efficiency" : 0.77445821236206924,
		"tower_shading_efficiency" : 1
	}
}