{
	"output" : 
	{
		"atmospheric_attenuation_efficiency" : 0.98521767148209949,
		"blocking_efficiency" : 0.90569362017804045,
		"cosine_efficiency" : 0.82284667164822156,
		"optical_energy" : 2338565.9361020569,
		"receiver_spillage_efficiency" : 1,
		"shading_efficiency" : 1,
		"terrain_blocking_efficiency" : 1,
		"terrain_shading_efficiency" : 1,
		"total_efficiency" : 0.51795562468145828,
		"tower_shading_efficiency" : 1
	}
}